Name,Address,Blocks,Units,Unit Rate,MoM,Trans Record,For Sale,For Rent,Estate Link,Region,District,Subdistrict,Code
The Merton,38 New Praya Kennedy Town,3,"1,182",--,--,--,46,4,https://hk.centanet.com/estate/en/The-Merton/2-SSPPWPPYPS,Hong Kong Island,All Hong Kong Island,Kennedy Town,HMA111
Manhattan Heights,28 New Praya Kennedy Town,1,476,--,--,--,19,2,https://hk.centanet.com/estate/en/Manhattan-Heights/2-SSWSWPGSPS,Hong Kong Island,All Hong Kong Island,Kennedy Town,HMA111
Smithfield Terrace,71-77 Smithfield,4,912,--,--,--,28,8,https://hk.centanet.com/estate/en/Smithfield-Terrace/2-TTLIIHSRHT,Hong Kong Island,All Hong Kong Island,Kennedy Town,HMA111
University Heights,23 Pokfield Road,2,444,--,--,--,17,5,https://hk.centanet.com/estate/en/University-Heights/2-TTXNZHIXHT,Hong Kong Island,All Hong Kong Island,Kennedy Town,HMA111
Pearl Court,13 Belcher's Street,2,368,--,--,--,3,1,https://hk.centanet.com/estate/en/Pearl-Court/2-SSABGPPOPS,Hong Kong Island,All Hong Kong Island,Kennedy Town,HMA111
Cadogan,37A Cadogan Street,1,197,--,--,--,16,2,https://hk.centanet.com/estate/en/Cadogan/2-SSPPWWPSWS,Hong Kong Island,All Hong Kong Island,Kennedy Town,HMA111
The Hudson,11 Davis Street,1,134,--,--,--,12,3,https://hk.centanet.com/estate/en/The-Hudson/2-SSSPWWPYWS,Hong Kong Island,All Hong Kong Island,Kennedy Town,HMA111
Cayman Rise,29 Ka Wai Man Road,2,496,"$16,067/ ft²",6.23%,2,8,1,https://hk.centanet.com/estate/en/Cayman-Rise/2-SSPPWPPEPS,Hong Kong Island,All Hong Kong Island,Kennedy Town,HMA111
Imperial Kennedy,68 Belcher's Street,1,161,"$21,056/ ft²",18.39%,1,10,--,https://hk.centanet.com/estate/en/Imperial-Kennedy/2-SSSPWWPHWS,Hong Kong Island,All Hong Kong Island,Kennedy Town,HMA111
The Sail At Victoria,86 Victoria Road,1,95,--,--,--,7,2,https://hk.centanet.com/estate/en/The-Sail-At-Victoria/2-SSSPWWPXWS,Hong Kong Island,All Hong Kong Island,Kennedy Town,HMA111
Belcher's Hill,9 Rock Hill Street,1,152,--,--,--,6,--,https://hk.centanet.com/estate/en/Belcher-s-Hill/2-SSSPWWPJWS,Hong Kong Island,All Hong Kong Island,Kennedy Town,HMA111
Smithfield Court,43 Smithfield,2,516,--,--,--,6,1,https://hk.centanet.com/estate/en/Smithfield-Court/2-TTMTIHSXHT,Hong Kong Island,All Hong Kong Island,Kennedy Town,HMA111
Jade Court,"48-49 Praya, Kennedy Town",2,300,--,--,--,4,1,https://hk.centanet.com/estate/en/Jade-Court/2-SSYYGPDOPS,Hong Kong Island,All Hong Kong Island,Kennedy Town,HMA111
Harbour View Garden,21 North Street,3,452,"$17,063/ ft²",1.45%,1,4,--,https://hk.centanet.com/estate/en/Harbour-View-Garden/2-OOFDURJRRO,Hong Kong Island,All Hong Kong Island,Kennedy Town,HMA111
Kennedy Town Centre,"38 Praya, Kennedy Town",1,272,--,--,--,2,2,https://hk.centanet.com/estate/en/Kennedy-Town-Centre/2-SSPAGPDXPS,Hong Kong Island,All Hong Kong Island,Kennedy Town,HMA111
Scholar Court,15 Sands Street,1,47,--,--,--,2,1,https://hk.centanet.com/estate/en/Scholar-Court/2-OOSDQRFXRO,Hong Kong Island,All Hong Kong Island,Kennedy Town,HMA111
Axeford Villa,3-5 Sands Street,1,81,--,--,--,--,--,https://hk.centanet.com/estate/en/Axeford-Villa/2-OOOCURFRRO,Hong Kong Island,All Hong Kong Island,Kennedy Town,HMA111
Mei Wah Mansion,36-42 Smithfield,1,96,--,--,--,4,--,https://hk.centanet.com/estate/en/Mei-Wah-Mansion/2-TTTSTHLXHT,Hong Kong Island,All Hong Kong Island,Kennedy Town,HMA111
Lung Cheung Garden,"26 Praya, Kennedy Town",1,128,"$15,449/ ft²",10.36%,1,--,--,https://hk.centanet.com/estate/en/Lung-Cheung-Garden/2-SSEYBPDXPS,Hong Kong Island,All Hong Kong Island,Kennedy Town,HMA111
Cheong Yue Mansion,13-19 North Street,1,68,--,--,--,1,--,https://hk.centanet.com/estate/en/Cheong-Yue-Mansion/2-OOJQURJYRO,Hong Kong Island,All Hong Kong Island,Kennedy Town,HMA111
Ying Ga Garden,34 Sands Street,3,300,"$14,730/ ft²",8.36%,1,2,--,https://hk.centanet.com/estate/en/Ying-Ga-Garden/2-SSSDBPYRPS,Hong Kong Island,All Hong Kong Island,Kennedy Town,HMA111
Joyful Building,16-18 Belcher's Street,1,224,"$12,913/ ft²",3.13%,2,--,1,https://hk.centanet.com/estate/en/Joyful-Building/2-SSBDGPSRPS,Hong Kong Island,All Hong Kong Island,Kennedy Town,HMA111
Sea View Mansion,37-37A Belcher's Street,1,134,--,--,--,2,--,https://hk.centanet.com/estate/en/Sea-View-Mansion/2-OOJJFRRYRO,Hong Kong Island,All Hong Kong Island,Kennedy Town,HMA111
Kennedy 38,38 Belcher's Street,1,341,--,--,--,16,3,https://hk.centanet.com/estate/en/Kennedy-38/2-SSSPWWPVWS,Hong Kong Island,All Hong Kong Island,Kennedy Town,HMA111
Nam Hung Mansion,5-5H Belcher's Street,2,379,--,--,--,9,2,https://hk.centanet.com/estate/en/Nam-Hung-Mansion/2-SSSEPPPXPG,Hong Kong Island,All Hong Kong Island,Kennedy Town,HMA111
New Fortune House,4-8 North Street,2,358,--,--,--,6,--,https://hk.centanet.com/estate/en/New-Fortune-House/2-OOCJQRJJRO,Hong Kong Island,All Hong Kong Island,Kennedy Town,HMA111
To Li Garden,15-19 To Li Terrace,1,98,--,--,--,6,--,https://hk.centanet.com/estate/en/To-Li-Garden/2-SSWWBPWRPS,Hong Kong Island,All Hong Kong Island,Kennedy Town,HMA111
Hoi Tao Building,7-11 Belcher's Street,3,323,--,--,--,6,--,https://hk.centanet.com/estate/en/Hoi-Tao-Building/2-SSYKGPPOPS,Hong Kong Island,All Hong Kong Island,Kennedy Town,HMA111
Serene Court,35 Sai Ning Street,1,232,"$15,630/ ft²",37.79%,1,5,2,https://hk.centanet.com/estate/en/Serene-Court/2-SSBBPPYAPS,Hong Kong Island,All Hong Kong Island,Kennedy Town,HMA111
Sincere Western House,63-71 Cadogan Street,1,205,--,--,--,5,1,https://hk.centanet.com/estate/en/Sincere-Western-House/2-SSDKGPEEPS,Hong Kong Island,All Hong Kong Island,Kennedy Town,HMA111
Po Tak Mansion,85 Smithfield,1,138,--,--,--,6,1,https://hk.centanet.com/estate/en/Po-Tak-Mansion/2-TTDSIHSXHT,Hong Kong Island,All Hong Kong Island,Kennedy Town,HMA111
Lexington Hill,11 Rock Hill Street,1,104,--,--,--,5,--,https://hk.centanet.com/estate/en/Lexington-Hill/2-SSPPWWPRWG,Hong Kong Island,All Hong Kong Island,Kennedy Town,HMA111
No. 60 Victoria Road,60 Victoria Road,1,73,--,--,--,4,1,https://hk.centanet.com/estate/en/No-60-Victoria-Road/2-SSPPWWPYWS,Hong Kong Island,All Hong Kong Island,Kennedy Town,HMA111
Belcher Court,2 Sai Cheung Street,2,240,--,--,--,4,--,https://hk.centanet.com/estate/en/Belcher-Court/2-SSKEBPDEPG,Hong Kong Island,All Hong Kong Island,Kennedy Town,HMA111
May Sun Building,55-57 Catchick Street,1,131,--,--,--,4,--,https://hk.centanet.com/estate/en/May-Sun-Building/2-SSPPGPYYPS,Hong Kong Island,All Hong Kong Island,Kennedy Town,HMA111
Ivy On Belcher's,26 Belcher's Stret,1,140,--,--,--,4,--,https://hk.centanet.com/estate/en/Ivy-On-Belcher-s/2-SSPPWWPEWG,Hong Kong Island,All Hong Kong Island,Kennedy Town,HMA111
Wah Fai House,26-34 Smithfield,1,92,"$10,525/ ft²",35.08%,2,4,--,https://hk.centanet.com/estate/en/Wah-Fai-House/2-TTNITHLXHT,Hong Kong Island,All Hong Kong Island,Kennedy Town,HMA111
Luen Hong Apartments,116-122 Belcher's Street,1,267,"$10,671/ ft²",3.25%,1,4,--,https://hk.centanet.com/estate/en/Luen-Hong-Apartments/2-TTSSTHMEHT,Hong Kong Island,All Hong Kong Island,Kennedy Town,HMA111
Kennedy Town Building,"27 Praya, Kennedy Town",1,75,"$16,582/ ft²",4.61%,1,3,1,https://hk.centanet.com/estate/en/Kennedy-Town-Building/2-SSPWBPDXPS,Hong Kong Island,All Hong Kong Island,Kennedy Town,HMA111
Yick Fung Garden,"20 Praya, Kennedy Town",2,235,--,--,--,3,--,https://hk.centanet.com/estate/en/Yick-Fung-Garden/2-SSAKBPAOPG,Hong Kong Island,All Hong Kong Island,Kennedy Town,HMA111
Markfield Building,8 Smithfield,1,150,--,--,--,3,--,https://hk.centanet.com/estate/en/Markfield-Building/2-SSEDWPYXPS,Hong Kong Island,All Hong Kong Island,Kennedy Town,HMA111
Westview Height,163 Belcher's Street,1,66,--,--,--,3,--,https://hk.centanet.com/estate/en/Westview-Height/2-SSPPWWPAWG,Hong Kong Island,All Hong Kong Island,Kennedy Town,HMA111
Hang (Han) Yu Building,45-55 Cadogan Street,1,136,--,--,--,3,--,https://hk.centanet.com/estate/en/Hang-Han-Yu-Building/2-SSYWBPESPS,Hong Kong Island,All Hong Kong Island,Kennedy Town,HMA111
Regent Height,80 Victoria Road,1,63,--,--,--,3,--,https://hk.centanet.com/estate/en/Regent-Height/2-TTHLIHLXHT,Hong Kong Island,All Hong Kong Island,Kennedy Town,HMA111
Huncliff Court,70 Victoria Road,1,38,--,--,--,3,--,https://hk.centanet.com/estate/en/Huncliff-Court/2-TTISIHLYHT,Hong Kong Island,All Hong Kong Island,Kennedy Town,HMA111
Luen Wai Apartment,136-142 Belcher's Street,1,279,"$10,486/ ft²",6.97%,1,3,--,https://hk.centanet.com/estate/en/Luen-Wai-Apartment/2-TTMLTHMAHT,Hong Kong Island,All Hong Kong Island,Kennedy Town,HMA111
Full Harvest Building,6-18 Hau Wo Street,1,96,--,--,--,2,2,https://hk.centanet.com/estate/en/Full-Harvest-Building/2-OORQURVXRO,Hong Kong Island,All Hong Kong Island,Kennedy Town,HMA111
On Fat Building,10 Kwan Yick Street,1,189,--,--,--,2,1,https://hk.centanet.com/estate/en/On-Fat-Building/2-OODJQRDYRO,Hong Kong Island,All Hong Kong Island,Kennedy Town,HMA111
Hee Wong Terrace,1 Hee Wong Terrace,12,188,--,--,--,2,1,https://hk.centanet.com/estate/en/Hee-Wong-Terrace/2-SSPKBPBXPS,Hong Kong Island,All Hong Kong Island,Kennedy Town,HMA111
Tung Hing Mansion,41-55 Belcher's Street,1,96,--,--,--,2,--,https://hk.centanet.com/estate/en/Tung-Hing-Mansion/2-OOVFFRRSRO,Hong Kong Island,All Hong Kong Island,Kennedy Town,HMA111
Ching Lin Court,4-6 Ching Lin Terrace,1,36,--,--,--,2,--,https://hk.centanet.com/estate/en/Ching-Lin-Court/2-SSGDWPAXPS,Hong Kong Island,All Hong Kong Island,Kennedy Town,HMA111
Tai Pak Terrace,36 Sands Street,1,45,--,--,--,2,--,https://hk.centanet.com/estate/en/Tai-Pak-Terrace/2-SSGYBPYXPS,Hong Kong Island,All Hong Kong Island,Kennedy Town,HMA111
Brilliant Court,"28 Praya, Kennedy Town",1,145,--,--,--,2,--,https://hk.centanet.com/estate/en/Brilliant-Court/2-SSKWBPDAPS,Hong Kong Island,All Hong Kong Island,Kennedy Town,HMA111
Sun Court,3-3A Belcher's Street,1,92,--,--,--,2,--,https://hk.centanet.com/estate/en/Sun-Court/2-SSPEPPPEPG,Hong Kong Island,All Hong Kong Island,Kennedy Town,HMA111
Po Wah House,36-40 Li Po Lung Path,1,20,"$10,101/ ft²",25.88%,1,1,--,https://hk.centanet.com/estate/en/Po-Wah-House/2-SSSSGPGAPS,Hong Kong Island,All Hong Kong Island,Kennedy Town,HMA111
Shun Hing Building,22-34 Catchick Street,1,88,--,--,--,2,--,https://hk.centanet.com/estate/en/Shun-Hing-Building/2-SSWPBPAHPS,Hong Kong Island,All Hong Kong Island,Kennedy Town,HMA111
Ka On Building,"27 New Praya, Kennedy Town",2,96,--,--,--,2,--,https://hk.centanet.com/estate/en/Ka-On-Building/2-SSWSWPGHPS,Hong Kong Island,All Hong Kong Island,Kennedy Town,HMA111
Luen Gay Apartments,124-134 Belcher's Street,1,268,--,--,--,2,--,https://hk.centanet.com/estate/en/Luen-Gay-Apartments/2-TTHLTHMHHT,Hong Kong Island,All Hong Kong Island,Kennedy Town,HMA111
Wai Wah Court,12R Smithfield,1,112,--,--,--,2,--,https://hk.centanet.com/estate/en/Wai-Wah-Court/2-TTXDTHLYHT,Hong Kong Island,All Hong Kong Island,Kennedy Town,HMA111
Ka Fu Building,63 Catchick Street,2,92,--,--,--,2,--,https://hk.centanet.com/estate/en/Ka-Fu-Building/2-TTXMTHDXHT,Hong Kong Island,All Hong Kong Island,Kennedy Town,HMA111
Tai Hong Building,1D Holland Street,1,92,--,--,--,1,2,https://hk.centanet.com/estate/en/Tai-Hong-Building/2-SSAEPPGEPS,Hong Kong Island,All Hong Kong Island,Kennedy Town,HMA111
Mount Davis,33 Ka Wai Man Road,1,89,"$19,797/ ft²",1.21%,1,1,2,https://hk.centanet.com/estate/en/Mount-Davis/2-SSPPWWPRWS,Hong Kong Island,All Hong Kong Island,Kennedy Town,HMA111
Sai Wan New Apartments,177-185 Belcher's Street,1,109,--,--,--,1,2,https://hk.centanet.com/estate/en/Sai-Wan-New-Apartments/2-TTDLZHTYHT,Hong Kong Island,All Hong Kong Island,Kennedy Town,HMA111
Chester Court,"6-8 Praya, Kennedy Town",1,138,--,--,--,1,2,https://hk.centanet.com/estate/en/Chester-Court/2-TTIHZHDXHX,Hong Kong Island,All Hong Kong Island,Kennedy Town,HMA111
32-34 Li Po Lung Path,32-34 Li Po Lung Path,1,19,--,--,--,--,--,https://hk.centanet.com/estate/en/32-34-Li-Po-Lung-Path/2-SSAPGPGHPS,Hong Kong Island,All Hong Kong Island,Kennedy Town,HMA111
Shun Fai Building,19 Hau Wo Street,1,71,--,--,--,1,1,https://hk.centanet.com/estate/en/Shun-Fai-Building/2-SSDEPPBXPS,Hong Kong Island,All Hong Kong Island,Kennedy Town,HMA111
Hau Wo Court,25-33 Hau Wo Street,1,41,--,--,--,1,1,https://hk.centanet.com/estate/en/Hau-Wo-Court/2-SSEBPPBEPS,Hong Kong Island,All Hong Kong Island,Kennedy Town,HMA111
Greenview Court,7-8 Ching Lin Terrace,1,31,--,--,--,1,1,https://hk.centanet.com/estate/en/Greenview-Court/2-SSPYWPAOPS,Hong Kong Island,All Hong Kong Island,Kennedy Town,HMA111
Hing Wong Building,"23 New Praya, Kennedy Town",1,116,--,--,--,1,1,https://hk.centanet.com/estate/en/Hing-Wong-Building/2-SSYSWPGXPS,Hong Kong Island,All Hong Kong Island,Kennedy Town,HMA111
Tse Land Mansion,39-43 Sands Street,1,38,--,--,--,1,1,https://hk.centanet.com/estate/en/Tse-Land-Mansion/2-TTISZHSJHT,Hong Kong Island,All Hong Kong Island,Kennedy Town,HMA111
Luen On Apartments,51 Smithfield,1,160,--,--,--,1,1,https://hk.centanet.com/estate/en/Luen-On-Apartments/2-TTNIIHSRHT,Hong Kong Island,All Hong Kong Island,Kennedy Town,HMA111
10 Tai Pak Terrace,10 Tai Pak Terrace,1,12,--,--,--,--,--,https://hk.centanet.com/estate/en/10-Tai-Pak-Terrace/2-OORQQRCSRO,Hong Kong Island,All Hong Kong Island,Kennedy Town,HMA111
Yue On Building,78-86 Catchick Street,1,40,--,--,--,1,--,https://hk.centanet.com/estate/en/Yue-On-Building/2-OORRFRQVRO,Hong Kong Island,All Hong Kong Island,Kennedy Town,HMA111
Kam Hing Building,27-31 Catchick Street,1,42,--,--,--,1,--,https://hk.centanet.com/estate/en/Kam-Hing-Building/2-SSBKWPESPS,Hong Kong Island,All Hong Kong Island,Kennedy Town,HMA111
1-3 Ching Lin Terrace,1-3 Ching Lin Terrace,1,46,--,--,--,1,--,https://hk.centanet.com/estate/en/1-3-Ching-Lin-Terrace/2-SSDEWPAVPS,Hong Kong Island,All Hong Kong Island,Kennedy Town,HMA111
Jade Lotus Garden,11 Ching Lin Terrace,1,46,--,--,--,1,--,https://hk.centanet.com/estate/en/Jade-Lotus-Garden/2-SSDPPPKXPS,Hong Kong Island,All Hong Kong Island,Kennedy Town,HMA111
Sands House,10-18 Sands Street,1,44,--,--,--,1,--,https://hk.centanet.com/estate/en/Sands-House/2-SSDSBPYEPS,Hong Kong Island,All Hong Kong Island,Kennedy Town,HMA111
Nan Hai Mansion,"46-47 Praya, Kennedy Town",1,172,--,--,--,1,--,https://hk.centanet.com/estate/en/Nan-Hai-Mansion/2-SSGYGPDHPS,Hong Kong Island,All Hong Kong Island,Kennedy Town,HMA111
Leader House,57-61 Belcher's Street,1,38,--,--,--,1,--,https://hk.centanet.com/estate/en/Leader-House/2-SSGYWPPVPS,Hong Kong Island,All Hong Kong Island,Kennedy Town,HMA111
Ka Ming Building,56A-56B Belcher's Street,1,31,--,--,--,1,--,https://hk.centanet.com/estate/en/Ka-Ming-Building/2-SSKKPPEYPS,Hong Kong Island,All Hong Kong Island,Kennedy Town,HMA111
La Maison Du Nord,12A North Street,1,75,--,--,--,1,--,https://hk.centanet.com/estate/en/La-Maison-Du-Nord/2-SSPPWPPJPG,Hong Kong Island,All Hong Kong Island,Kennedy Town,HMA111
Shun On Building,2 Sands Street,1,72,--,--,--,1,--,https://hk.centanet.com/estate/en/Shun-On-Building/2-SSWPBPYRPS,Hong Kong Island,All Hong Kong Island,Kennedy Town,HMA111
Grand Fortune Mansion,1-1A Davis Street,1,92,--,--,--,1,--,https://hk.centanet.com/estate/en/Grand-Fortune-Mansion/2-SSYBPPKJPS,Hong Kong Island,All Hong Kong Island,Kennedy Town,HMA111
Wah Po Building,"1 New Praya, Kennedy Town",1,189,--,--,--,1,--,https://hk.centanet.com/estate/en/Wah-Po-Building/2-TTISIHXVHT,Hong Kong Island,All Hong Kong Island,Kennedy Town,HMA111
Hoi Lee Building,29-31 Sands Street,1,16,--,--,--,--,--,https://hk.centanet.com/estate/en/Hoi-Lee-Building/2-TTLZZHSXHT,Hong Kong Island,All Hong Kong Island,Kennedy Town,HMA111
Tai Sang Building,1A Sands Street,1,79,--,--,--,1,--,https://hk.centanet.com/estate/en/Tai-Sang-Building/2-TTMNTHSAHT,Hong Kong Island,All Hong Kong Island,Kennedy Town,HMA111
Luen Hing Apartments,47 Smithfield,1,150,--,--,--,1,--,https://hk.centanet.com/estate/en/Luen-Hing-Apartments/2-TTNNIHSXHT,Hong Kong Island,All Hong Kong Island,Kennedy Town,HMA111
Kennedy Mansion,165-175 Belcher's Street,1,80,--,--,--,1,--,https://hk.centanet.com/estate/en/Kennedy-Mansion/2-TTTDZHTVHT,Hong Kong Island,All Hong Kong Island,Kennedy Town,HMA111
Nan Sang Building,86 Belcher's Street,1,54,--,--,--,1,--,https://hk.centanet.com/estate/en/Nan-Sang-Building/2-TTXXTHMVHT,Hong Kong Island,All Hong Kong Island,Kennedy Town,HMA111
Sun Fat Building,12S-12T Smithfield,1,28,--,--,--,--,--,https://hk.centanet.com/estate/en/Sun-Fat-Building/2-TTXZTHLAHT,Hong Kong Island,All Hong Kong Island,Kennedy Town,HMA111
Luen Yau Apartments,102-114 Belcher's Street,1,176,--,--,--,1,--,https://hk.centanet.com/estate/en/Luen-Yau-Apartments/2-TTZSTHMSHT,Hong Kong Island,All Hong Kong Island,Kennedy Town,HMA111
The Highline,33 Catchick Street,1,173,--,--,--,--,6,https://hk.centanet.com/estate/en/The-Highline/2-SSSPWWPSWS,Hong Kong Island,All Hong Kong Island,Kennedy Town,HMA111
Sum Way Mansion,1-1F Belcher's Street,1,152,--,--,--,--,2,https://hk.centanet.com/estate/en/Sum-Way-Mansion/2-SSYSPPPYPG,Hong Kong Island,All Hong Kong Island,Kennedy Town,HMA111
Kam Ho Court,144-148 Belcher's Street,1,66,--,--,--,--,1,https://hk.centanet.com/estate/en/Kam-Ho-Court/2-OOCUURUORO,Hong Kong Island,All Hong Kong Island,Kennedy Town,HMA111
Lungga Mansion,46A Belcher's Street,1,83,--,--,--,--,1,https://hk.centanet.com/estate/en/Lungga-Mansion/2-SSDDWPSRPS,Hong Kong Island,All Hong Kong Island,Kennedy Town,HMA111
Chin Hom Court,26 Li Po Lung Path,1,24,--,--,--,--,--,https://hk.centanet.com/estate/en/Chin-Hom-Court/2-SSEYBPGHPS,Hong Kong Island,All Hong Kong Island,Kennedy Town,HMA111
1F Sands Street,1F Sands Street,1,7,--,--,--,--,--,https://hk.centanet.com/estate/en/1F-Sands-Street/2-OOCOURFARO,Hong Kong Island,All Hong Kong Island,Kennedy Town,HMA111
1E Sands Street,1E Sands Street,1,7,--,--,--,--,--,https://hk.centanet.com/estate/en/1E-Sands-Street/2-OOCRURFERO,Hong Kong Island,All Hong Kong Island,Kennedy Town,HMA111
12-15 Tai Pak Terrace,12-15 Tai Pak Terrace,1,22,--,--,--,--,--,https://hk.centanet.com/estate/en/12-15-Tai-Pak-Terrace/2-OOCSQRCARO,Hong Kong Island,All Hong Kong Island,Kennedy Town,HMA111
2-3 Tai Pak Terrace,2-3 Tai Pak Terrace,1,12,--,--,--,--,--,https://hk.centanet.com/estate/en/2-3-Tai-Pak-Terrace/2-OOCSURCERO,Hong Kong Island,All Hong Kong Island,Kennedy Town,HMA111
1G Sands Street,1G Sands Street,1,7,--,--,--,--,--,https://hk.centanet.com/estate/en/1G-Sands-Street/2-OOCUURFVRO,Hong Kong Island,All Hong Kong Island,Kennedy Town,HMA111
Yue Yee Mansion,18A-20A Belcher's Street,1,56,--,--,--,--,--,https://hk.centanet.com/estate/en/Yue-Yee-Mansion/2-OODCQRDHRO,Hong Kong Island,All Hong Kong Island,Kennedy Town,HMA111
121-123 Belcher's Street,121-123 Belcher's Street,1,8,--,--,--,--,--,https://hk.centanet.com/estate/en/121-123-Belcher-s-Street/2-OODQUROXRO,Hong Kong Island,All Hong Kong Island,Kennedy Town,HMA111
Tai Pak Mansion,1 Tai Pak Terrace,1,7,--,--,--,--,--,https://hk.centanet.com/estate/en/Tai-Pak-Mansion/2-OOFQURCORO,Hong Kong Island,All Hong Kong Island,Kennedy Town,HMA111
135-137 Belcher's Street,135-137 Belcher's Street,1,10,--,--,--,--,--,https://hk.centanet.com/estate/en/135-137-Belcher-s-Street/2-OOFRQROERO,Hong Kong Island,All Hong Kong Island,Kennedy Town,HMA111
6-7 Tai Pak Terrace,6-7 Tai Pak Terrace,1,14,--,--,--,--,--,https://hk.centanet.com/estate/en/6-7-Tai-Pak-Terrace/2-OOJFURCSRO,Hong Kong Island,All Hong Kong Island,Kennedy Town,HMA111
131-133 Belcher's Street,131-133 Belcher's Street,1,10,--,--,--,--,--,https://hk.centanet.com/estate/en/131-133-Belcher-s-Street/2-OOJFUROYRO,Hong Kong Island,All Hong Kong Island,Kennedy Town,HMA111
Smithfield Garden,50 Smithfield,3,35,--,--,--,--,--,https://hk.centanet.com/estate/en/Smithfield-Garden/2-OOJUURCARO,Hong Kong Island,All Hong Kong Island,Kennedy Town,HMA111
Kelley Court,9-15 Catchick Street,1,47,--,--,--,--,--,https://hk.centanet.com/estate/en/Kelley-Court/2-OOOOFRUORO,Hong Kong Island,All Hong Kong Island,Kennedy Town,HMA111
8 Tai Pak Terrace,8 Tai Pak Terrace,1,4,--,--,--,--,--,https://hk.centanet.com/estate/en/8-Tai-Pak-Terrace/2-OOOOQRCJRO,Hong Kong Island,All Hong Kong Island,Kennedy Town,HMA111
9 Tai Pak Terrace,9 Tai Pak Terrace,1,4,--,--,--,--,--,https://hk.centanet.com/estate/en/9-Tai-Pak-Terrace/2-OOOUQRCYRO,Hong Kong Island,All Hong Kong Island,Kennedy Town,HMA111
33 North Street,33 North Street,1,5,--,--,--,--,--,https://hk.centanet.com/estate/en/33-North-Street/2-OOQQQRJRRO,Hong Kong Island,All Hong Kong Island,Kennedy Town,HMA111
35 North Street,35 North Street,1,5,--,--,--,--,--,https://hk.centanet.com/estate/en/35-North-Street/2-OOQSQRJORO,Hong Kong Island,All Hong Kong Island,Kennedy Town,HMA111
Cheong Fai Building,17-21 Catchick Street,1,27,--,--,--,--,--,https://hk.centanet.com/estate/en/Cheong-Fai-Building/2-OOQVFRUERO,Hong Kong Island,All Hong Kong Island,Kennedy Town,HMA111
Chi Ping Building,38 Hau Wo Street,1,44,--,--,--,--,--,https://hk.centanet.com/estate/en/Chi-Ping-Building/2-OORFQRVXRO,Hong Kong Island,All Hong Kong Island,Kennedy Town,HMA111
Fook On Mansion,23-25 North Street,1,92,--,--,--,--,--,https://hk.centanet.com/estate/en/Fook-On-Mansion/2-OORFURJXRO,Hong Kong Island,All Hong Kong Island,Kennedy Town,HMA111
9-11 North Street,9-11 North Street,1,10,--,--,--,--,--,https://hk.centanet.com/estate/en/9-11-North-Street/2-OOROURJXRO,Hong Kong Island,All Hong Kong Island,Kennedy Town,HMA111
1H Sands Street,1H Sands Street,1,7,--,--,--,--,--,https://hk.centanet.com/estate/en/1H-Sands-Street/2-OORSURFXRO,Hong Kong Island,All Hong Kong Island,Kennedy Town,HMA111
1J Sands Street,1J Sands Street,1,7,--,--,--,--,--,https://hk.centanet.com/estate/en/1J-Sands-Street/2-OORVURFHRO,Hong Kong Island,All Hong Kong Island,Kennedy Town,HMA111
23-25 Catchick Street,23-25 Catchick Street,1,9,--,--,--,--,--,https://hk.centanet.com/estate/en/23-25-Catchick-Street/2-OOSCFRUHRO,Hong Kong Island,All Hong Kong Island,Kennedy Town,HMA111
32 Belcher's Street,32 Belcher's Street,1,7,--,--,--,--,--,https://hk.centanet.com/estate/en/32-Belcher-s-Street/2-OOSFFROORO,Hong Kong Island,All Hong Kong Island,Kennedy Town,HMA111
19-21 Sands Street,19-21 Sands Street,1,18,--,--,--,--,--,https://hk.centanet.com/estate/en/19-21-Sands-Street/2-OOSFQRFJRO,Hong Kong Island,All Hong Kong Island,Kennedy Town,HMA111
Hung Lee Building,29-31A North Street,1,32,--,--,--,--,--,https://hk.centanet.com/estate/en/Hung-Lee-Building/2-OOUCURJARO,Hong Kong Island,All Hong Kong Island,Kennedy Town,HMA111
Kam Fai Building,125-129 Belcher's Street,1,34,--,--,--,--,--,https://hk.centanet.com/estate/en/Kam-Fai-Building/2-OOUDUROVRO,Hong Kong Island,All Hong Kong Island,Kennedy Town,HMA111
Kam Tong Mansion (Building),139-153 Belcher's Street,1,29,"$12,579/ ft²",--,1,--,--,https://hk.centanet.com/estate/en/Kam-Tong-Mansion-Building/2-OOUFQROSRO,Hong Kong Island,All Hong Kong Island,Kennedy Town,HMA111
Tai Pak Court,4-5 Tai Pak Terrace,1,9,--,--,--,--,--,https://hk.centanet.com/estate/en/Tai-Pak-Court/2-OOUJURCARO,Hong Kong Island,All Hong Kong Island,Kennedy Town,HMA111
Wing Tai Mansion,7-9 Sands Street,1,33,--,--,--,--,--,https://hk.centanet.com/estate/en/Wing-Tai-Mansion/2-OOUOQRFERO,Hong Kong Island,All Hong Kong Island,Kennedy Town,HMA111
32A Belcher's Street,32A Belcher's Street,1,7,--,--,--,--,--,https://hk.centanet.com/estate/en/32A-Belcher-s-Street/2-OOVCFROJRO,Hong Kong Island,All Hong Kong Island,Kennedy Town,HMA111
14 North Street,14 North Street,1,5,--,--,--,--,--,https://hk.centanet.com/estate/en/14-North-Street/2-OOVCQRJARO,Hong Kong Island,All Hong Kong Island,Kennedy Town,HMA111
Cheong Kat Mansion,98-100 Catchick Street,1,66,--,--,--,--,--,https://hk.centanet.com/estate/en/Cheong-Kat-Mansion/2-OOVFFRQERO,Hong Kong Island,All Hong Kong Island,Kennedy Town,HMA111
Kam Po Mansion,37-41 North Street,1,20,--,--,--,--,--,https://hk.centanet.com/estate/en/Kam-Po-Mansion/2-OOVSQRJORO,Hong Kong Island,All Hong Kong Island,Kennedy Town,HMA111
Tai Tak House,1-5 Hau Wo Street,1,28,--,--,--,--,--,https://hk.centanet.com/estate/en/Tai-Tak-House/2-SSAWGPYJPS,Hong Kong Island,All Hong Kong Island,Kennedy Town,HMA111
Sun Shing Building,6-6G Belcher's Street,1,84,--,--,--,--,--,https://hk.centanet.com/estate/en/Sun-Shing-Building/2-SSAYBPSRPS,Hong Kong Island,All Hong Kong Island,Kennedy Town,HMA111
2A-2B Belcher's Street,2A-2B Belcher's Street,1,8,--,--,--,--,--,https://hk.centanet.com/estate/en/2A-2B-Belcher-s-Street/2-SSBBBPSHPS,Hong Kong Island,All Hong Kong Island,Kennedy Town,HMA111
44 Catchick Street,44 Catchick Street,1,5,--,--,--,--,--,https://hk.centanet.com/estate/en/44-Catchick-Street/2-SSBPGPAXPS,Hong Kong Island,All Hong Kong Island,Kennedy Town,HMA111
32B Belcher's Street,32B Belcher's Street,1,7,--,--,--,--,--,https://hk.centanet.com/estate/en/32B-Belcher-s-Street/2-SSBPWPSYPS,Hong Kong Island,All Hong Kong Island,Kennedy Town,HMA111
48-50 Belcher's Street,48-50 Belcher's Street,1,15,--,--,--,--,--,https://hk.centanet.com/estate/en/48-50-Belcher-s-Street/2-SSDYWPSOPS,Hong Kong Island,All Hong Kong Island,Kennedy Town,HMA111
Hang Fai Building,67-83 Belcher's Street,1,67,--,--,--,--,--,https://hk.centanet.com/estate/en/Hang-Fai-Building/2-SSEBPPSRPS,Hong Kong Island,All Hong Kong Island,Kennedy Town,HMA111
Po Lung House,28-30 Li Po Lung Path,1,12,--,--,--,--,--,https://hk.centanet.com/estate/en/Po-Lung-House/2-SSEWBPGHPS,Hong Kong Island,All Hong Kong Island,Kennedy Town,HMA111
Man Kwong Court,12 Smithfield,1,110,--,--,--,--,--,https://hk.centanet.com/estate/en/Man-Kwong-Court/2-SSEWWPYAPS,Hong Kong Island,All Hong Kong Island,Kennedy Town,HMA111
Centenary Mansion,1 Victoria Road,2,608,--,--,--,--,--,https://hk.centanet.com/estate/en/Centenary-Mansion/2-SSGGGPWYPS,Hong Kong Island,All Hong Kong Island,Kennedy Town,HMA111
Kin Yick Mansion,15-15C Belcher's Street,1,105,--,--,--,--,--,https://hk.centanet.com/estate/en/Kin-Yick-Mansion/2-SSGKPPGEPS,Hong Kong Island,All Hong Kong Island,Kennedy Town,HMA111
9 Ching Lin Terrace,9 Ching Lin Terrace,1,3,--,--,--,--,--,https://hk.centanet.com/estate/en/9-Ching-Lin-Terrace/2-SSGPPPKVPS,Hong Kong Island,All Hong Kong Island,Kennedy Town,HMA111
Chi Fung Building,62-64 Catchick Street,1,10,--,--,--,--,--,https://hk.centanet.com/estate/en/Chi-Fung-Building/2-SSGWGPAYPS,Hong Kong Island,All Hong Kong Island,Kennedy Town,HMA111
Kam Fai House,38-40 Catchick Street,1,19,--,--,--,--,--,https://hk.centanet.com/estate/en/Kam-Fai-House/2-SSKDBPAEPS,Hong Kong Island,All Hong Kong Island,Kennedy Town,HMA111
9 Hau Wo Street,9 Hau Wo Street,1,4,--,--,--,--,--,https://hk.centanet.com/estate/en/9-Hau-Wo-Street/2-SSKDWPKOPS,Hong Kong Island,All Hong Kong Island,Kennedy Town,HMA111
42 Catchick Street,42 Catchick Street,1,5,--,--,--,--,--,https://hk.centanet.com/estate/en/42-Catchick-Street/2-SSKWBPAVPS,Hong Kong Island,All Hong Kong Island,Kennedy Town,HMA111
Cado Building,39-41 Cadogan Street,1,14,--,--,--,--,--,https://hk.centanet.com/estate/en/Cado-Building/2-SSPBBPEJPS,Hong Kong Island,All Hong Kong Island,Kennedy Town,HMA111
Lung Fai Mansion,20-22 Li Po Lung Path,1,14,--,--,--,--,--,https://hk.centanet.com/estate/en/Lung-Fai-Mansion/2-SSPBBPGYPS,Hong Kong Island,All Hong Kong Island,Kennedy Town,HMA111
85-87 Belcher's Street,85-87 Belcher's Street,1,10,--,--,--,--,--,https://hk.centanet.com/estate/en/85-87-Belcher-s-Street/2-SSPGPPSOPS,Hong Kong Island,All Hong Kong Island,Kennedy Town,HMA111
63-65 Belcher's Street,63-65 Belcher's Street,1,8,--,--,--,--,--,https://hk.centanet.com/estate/en/63-65-Belcher-s-Street/2-SSPKPPSHPS,Hong Kong Island,All Hong Kong Island,Kennedy Town,HMA111
Houston Court,40 Belcher's Street,1,44,--,--,--,--,--,https://hk.centanet.com/estate/en/Houston-Court/2-SSPKWPSJPS,Hong Kong Island,All Hong Kong Island,Kennedy Town,HMA111
Shun Cheong Building,20-34 Hau Wo Street,1,66,--,--,--,--,--,https://hk.centanet.com/estate/en/Shun-Cheong-Building/2-SSPPWWPHWS,Hong Kong Island,All Hong Kong Island,Kennedy Town,HMA111
Millennium Court,11 Sands Street,1,32,--,--,--,--,--,https://hk.centanet.com/estate/en/Millennium-Court/2-SSPPWWPJWS,Hong Kong Island,All Hong Kong Island,Kennedy Town,HMA111
No. 18 Pokfield Road,18 Pokfield Road,1,70,--,--,--,--,--,https://hk.centanet.com/estate/en/No-18-Pokfield-Road/2-SSPPWWPVWS,Hong Kong Island,All Hong Kong Island,Kennedy Town,HMA111
No. 18 Catchick Street,18 Catchick Street,1,50,--,--,--,--,--,https://hk.centanet.com/estate/en/No-18-Catchick-Street/2-SSSPWWPRWS,Hong Kong Island,All Hong Kong Island,Kennedy Town,HMA111
89-91 Belcher's Street,89-91 Belcher's Street,1,8,--,--,--,--,--,https://hk.centanet.com/estate/en/89-91-Belcher-s-Street/2-SSSYPPSYPS,Hong Kong Island,All Hong Kong Island,Kennedy Town,HMA111
Poksmith Villa,40 Pokfield Road,1,36,--,--,--,--,--,https://hk.centanet.com/estate/en/Poksmith-Villa/2-SSWGBPDXPS,Hong Kong Island,All Hong Kong Island,Kennedy Town,HMA111
1D Davis Street,1D Davis Street,1,5,--,--,--,--,--,https://hk.centanet.com/estate/en/1D-Davis-Street/2-SSWWPPKAPS,Hong Kong Island,All Hong Kong Island,Kennedy Town,HMA111
1C Davis Street,1C Davis Street,1,5,--,--,--,--,--,https://hk.centanet.com/estate/en/1C-Davis-Street/2-SSWYPPKEPS,Hong Kong Island,All Hong Kong Island,Kennedy Town,HMA111
Man Fatt Mansion,20-28 Sands Street,1,56,--,--,--,--,--,https://hk.centanet.com/estate/en/Man-Fatt-Mansion/2-SSYABPYVPS,Hong Kong Island,All Hong Kong Island,Kennedy Town,HMA111
1B Davis Street,1B Davis Street,1,5,--,--,--,--,--,https://hk.centanet.com/estate/en/1B-Davis-Street/2-SSYDPPKSPS,Hong Kong Island,All Hong Kong Island,Kennedy Town,HMA111
Pokfield Garden,38 Pokfield Road,1,72,--,--,--,--,--,https://hk.centanet.com/estate/en/Pokfield-Garden/2-SSYGBPDEPS,Hong Kong Island,All Hong Kong Island,Kennedy Town,HMA111
Kuk Fung Building,46-60 Catchick Street,1,36,--,--,--,--,--,https://hk.centanet.com/estate/en/Kuk-Fung-Building/2-SSYKGPAAPS,Hong Kong Island,All Hong Kong Island,Kennedy Town,HMA111
52-54 Belcher's Street,52-54 Belcher's Street,1,15,--,--,--,--,--,https://hk.centanet.com/estate/en/52-54-Belcher-s-Street/2-SSYSPPESPS,Hong Kong Island,All Hong Kong Island,Kennedy Town,HMA111
Nam Shan House,113-119 Belcher's Street,1,10,--,--,--,--,--,https://hk.centanet.com/estate/en/Nam-Shan-House/2-TTDLTHTXHT,Hong Kong Island,All Hong Kong Island,Kennedy Town,HMA111
107-111 Belcher's Street,107-111 Belcher's Street,1,19,--,--,--,--,--,https://hk.centanet.com/estate/en/107-111-Belcher-s-Street/2-TTDXTHTOHT,Hong Kong Island,All Hong Kong Island,Kennedy Town,HMA111
103-105 Belcher's Street,103-105 Belcher's Street,1,12,--,--,--,--,--,https://hk.centanet.com/estate/en/103-105-Belcher-s-Street/2-TTDZTHTHHT,Hong Kong Island,All Hong Kong Island,Kennedy Town,HMA111
Mau Wah Mansion,22-24A Belcher's Street,1,84,--,--,--,--,--,https://hk.centanet.com/estate/en/Mau-Wah-Mansion/2-TTHDIHTAHT,Hong Kong Island,All Hong Kong Island,Kennedy Town,HMA111
Skyla,32 Sands Street,1,42,--,--,--,--,--,https://hk.centanet.com/estate/en/Skyla/2-TTHHIHNXHS,Hong Kong Island,All Hong Kong Island,Kennedy Town,HMA111
Sai On Building,93-95 Belcher's Street,1,10,--,--,--,--,--,https://hk.centanet.com/estate/en/Sai-On-Building/2-TTHHTHTSHT,Hong Kong Island,All Hong Kong Island,Kennedy Town,HMA111
Kut Cheung Mansion,1-3 Catchick Street,1,15,--,--,--,--,--,https://hk.centanet.com/estate/en/Kut-Cheung-Mansion/2-TTHIIHMVHT,Hong Kong Island,All Hong Kong Island,Kennedy Town,HMA111
Townplace Kennedy Town,97 Belcher's Street,1,128,--,--,--,--,--,https://hk.centanet.com/estate/en/Townplace-Kennedy-Town/2-TTHMTHTXHT,Hong Kong Island,All Hong Kong Island,Kennedy Town,HMA111
Timley Court,99 Catchick Street,1,23,--,--,--,--,--,https://hk.centanet.com/estate/en/Timley-Court/2-TTIITHDYHT,Hong Kong Island,All Hong Kong Island,Kennedy Town,HMA111
Hau Wo Building,44-52 Hau Wo Street,1,18,--,--,--,--,--,https://hk.centanet.com/estate/en/Hau-Wo-Building/2-TTIMZHNYHT,Hong Kong Island,All Hong Kong Island,Kennedy Town,HMA111
Kam Fu Mansion,66-68 Catchick Street,1,10,--,--,--,--,--,https://hk.centanet.com/estate/en/Kam-Fu-Mansion/2-TTITIHDOHT,Hong Kong Island,All Hong Kong Island,Kennedy Town,HMA111
Sunglow Building,"11-15 Praya, Kennedy Town",1,144,"$13,017/ ft²",3.78%,1,--,--,https://hk.centanet.com/estate/en/Sunglow-Building/2-TTIXZHDXHX,Hong Kong Island,All Hong Kong Island,Kennedy Town,HMA111
27 Sands Street,27 Sands Street,1,11,--,--,--,--,--,https://hk.centanet.com/estate/en/27-Sands-Street/2-TTIZZHSXHT,Hong Kong Island,All Hong Kong Island,Kennedy Town,HMA111
The Unit Davis Serviced Apartments,22 Davis Street,1,57,--,--,--,--,--,https://hk.centanet.com/estate/en/The-Unit-Davis-Serviced-Apartments/2-TTLHTHZSHT,Hong Kong Island,All Hong Kong Island,Kennedy Town,HMA111
1E Davis Street,1E Davis Street,1,5,--,--,--,--,--,https://hk.centanet.com/estate/en/1E-Davis-Street/2-TTLHTHZVHT,Hong Kong Island,All Hong Kong Island,Kennedy Town,HMA111
5-7 North Street,5-7 North Street,1,10,--,--,--,--,--,https://hk.centanet.com/estate/en/5-7-North-Street/2-TTLSTHIAHT,Hong Kong Island,All Hong Kong Island,Kennedy Town,HMA111
Koon Lun House,"1A New Praya, Kennedy Town",1,2,--,--,--,--,--,https://hk.centanet.com/estate/en/Koon-Lun-House/2-TTMLIHXSHT,Hong Kong Island,All Hong Kong Island,Kennedy Town,HMA111
99-101 Belcher's Street,99-101 Belcher's Street,1,14,--,--,--,--,--,https://hk.centanet.com/estate/en/99-101-Belcher-s-Street/2-TTMMTHTVHT,Hong Kong Island,All Hong Kong Island,Kennedy Town,HMA111
33 Sands Street,33 Sands Street,1,12,--,--,--,--,--,https://hk.centanet.com/estate/en/33-Sands-Street/2-TTMNZHSHHT,Hong Kong Island,All Hong Kong Island,Kennedy Town,HMA111
Smith Court,83 Smithfield,1,42,--,--,--,--,--,https://hk.centanet.com/estate/en/Smith-Court/2-TTMSIHSAHT,Hong Kong Island,All Hong Kong Island,Kennedy Town,HMA111
Sands Building,23-25 Sands Street,1,48,--,--,--,--,--,https://hk.centanet.com/estate/en/Sands-Building/2-TTNMZHSEHT,Hong Kong Island,All Hong Kong Island,Kennedy Town,HMA111
Luen Fat Apartments,49 Smithfield,1,150,--,--,--,--,--,https://hk.centanet.com/estate/en/Luen-Fat-Apartments/2-TTNXIHSHHT,Hong Kong Island,All Hong Kong Island,Kennedy Town,HMA111
Shing Tai Building,70-76 Catchick Street,1,28,--,--,--,--,--,https://hk.centanet.com/estate/en/Shing-Tai-Building/2-TTSDIHDOHT,Hong Kong Island,All Hong Kong Island,Kennedy Town,HMA111
Treasure Court,28 Belcher's Street,1,84,--,--,--,--,--,https://hk.centanet.com/estate/en/Treasure-Court/2-TTSLIHTJHT,Hong Kong Island,All Hong Kong Island,Kennedy Town,HMA111
Tung Fat Building,"1B-1C New Praya, Kennedy Town",1,15,--,--,--,--,--,https://hk.centanet.com/estate/en/Tung-Fat-Building/2-TTSLIHXXHT,Hong Kong Island,All Hong Kong Island,Kennedy Town,HMA111
Kin Liong Mansion,16-30 North Street,1,171,--,--,--,--,--,https://hk.centanet.com/estate/en/Kin-Liong-Mansion/2-TTTHZHIAHT,Hong Kong Island,All Hong Kong Island,Kennedy Town,HMA111
47-49 Hau Wo Street,47-49 Hau Wo Street,1,14,--,--,--,--,--,https://hk.centanet.com/estate/en/47-49-Hau-Wo-Street/2-TTTLTHNJHT,Hong Kong Island,All Hong Kong Island,Kennedy Town,HMA111
95 Catchick Street,95 Catchick Street,1,5,--,--,--,--,--,https://hk.centanet.com/estate/en/95-Catchick-Street/2-TTTNTHDSHT,Hong Kong Island,All Hong Kong Island,Kennedy Town,HMA111
S-Residence,5-7 Catchick Street,1,14,--,--,--,--,--,https://hk.centanet.com/estate/en/S-Residence/2-TTTSIHMXHT,Hong Kong Island,All Hong Kong Island,Kennedy Town,HMA111
Tresend Garden,81 Smithfield,1,54,--,--,--,--,--,https://hk.centanet.com/estate/en/Tresend-Garden/2-TTTSIHSSHT,Hong Kong Island,All Hong Kong Island,Kennedy Town,HMA111
Hau Wo House,39-45 Hau Wo Street,1,20,--,--,--,--,--,https://hk.centanet.com/estate/en/Hau-Wo-House/2-TTTXTHNRHT,Hong Kong Island,All Hong Kong Island,Kennedy Town,HMA111
93 Catchick Street,93 Catchick Street,1,5,--,--,--,--,--,https://hk.centanet.com/estate/en/93-Catchick-Street/2-TTTZTHDYHT,Hong Kong Island,All Hong Kong Island,Kennedy Town,HMA111
Po Shu Lau,35-37 Sands Street,1,37,--,--,--,--,--,https://hk.centanet.com/estate/en/Po-Shu-Lau/2-TTXNZHSHHT,Hong Kong Island,All Hong Kong Island,Kennedy Town,HMA111
Luen Tak Apartments,45 Smithfield,1,148,--,--,--,--,--,https://hk.centanet.com/estate/en/Luen-Tak-Apartments/2-TTZDIHSAHT,Hong Kong Island,All Hong Kong Island,Kennedy Town,HMA111
Novum West,460 Queen's Road West,4,645,"$21,538/ ft²",1.25%,2,45,10,https://hk.centanet.com/estate/en/Novum-West/2-SSPPWWPOWG,Hong Kong Island,All Hong Kong Island,Shek Tong Tsui,HMA047
Chong Yip Centre,423-425 Queen's Road West,3,633,"$11,397/ ft²",8.83%,3,9,1,https://hk.centanet.com/estate/en/Chong-Yip-Centre/2-OODQFRVORU,Hong Kong Island,All Hong Kong Island,Shek Tong Tsui,HMA047
One South Lane,1 South Lane,1,92,--,--,--,16,5,https://hk.centanet.com/estate/en/One-South-Lane/2-SSPPWWPSWG,Hong Kong Island,All Hong Kong Island,Shek Tong Tsui,HMA047
Eivissa Crest,100 Hill Road,1,106,--,--,--,13,3,https://hk.centanet.com/estate/en/Eivissa-Crest/2-SKPPWWPVWS,Hong Kong Island,All Hong Kong Island,Shek Tong Tsui,HMA047
High West,36 Clarence Terrence,1,133,"$17,509/ ft²",3.95%,1,6,6,https://hk.centanet.com/estate/en/High-West/2-SSSPWWPAWE,Hong Kong Island,All Hong Kong Island,Shek Tong Tsui,HMA047
Kwan Yick Building Phase 1,430-440A Des Voeux Road West,1,924,--,--,--,6,--,https://hk.centanet.com/estate/en/Kwan-Yick-Building/2-SSWDBPPYSG,Hong Kong Island,All Hong Kong Island,Shek Tong Tsui,HMA047
Harbour One,458 Des Voeux Road West,1,103,"$25,680/ ft²",--,2,11,1,https://hk.centanet.com/estate/en/Harbour-One/2-SSPPWWPYWG,Hong Kong Island,All Hong Kong Island,Shek Tong Tsui,HMA047
Green View Court,14-20 Woo Hop Street,1,60,--,--,--,1,--,https://hk.centanet.com/estate/en/Green-View-Court/2-TTXLIHLXHX,Hong Kong Island,All Hong Kong Island,Shek Tong Tsui,HMA047
Kwok Ga Building,6-12 Woo Hop Street,1,88,--,--,--,--,--,https://hk.centanet.com/estate/en/Kwok-Ga-Building/2-TTZLIHLXHX,Hong Kong Island,All Hong Kong Island,Shek Tong Tsui,HMA047
Hill Court,28 Hill Road,1,138,"$18,770/ ft²",3.33%,1,1,--,https://hk.centanet.com/estate/en/Hill-Court/2-OOORFROHRD,Hong Kong Island,All Hong Kong Island,Shek Tong Tsui,HMA047
Eight South Lane,8-12 Eight South Lane,1,95,--,--,--,10,1,https://hk.centanet.com/estate/en/Eight-South-Lane/2-SSPPWWPVWG,Hong Kong Island,All Hong Kong Island,Shek Tong Tsui,HMA047
King's Building,521-525 Queen's Road West,1,88,"$12,102/ ft²",5.13%,1,4,1,https://hk.centanet.com/estate/en/King-s-Building/2-SSSGWPBAPG,Hong Kong Island,All Hong Kong Island,Shek Tong Tsui,HMA047
Ka Fai Court,18-22 Clarence Terrace,1,46,--,--,--,4,--,https://hk.centanet.com/estate/en/Ka-Fai-Court/2-OOCQFRRRRU,Hong Kong Island,All Hong Kong Island,Shek Tong Tsui,HMA047
Dragonfair Garden,485 Queen's Road West,2,220,--,--,--,4,--,https://hk.centanet.com/estate/en/Dragonfair-Garden/2-OOOUFRSHRD,Hong Kong Island,All Hong Kong Island,Shek Tong Tsui,HMA047
Yip Cheong (Cheung) Building,4-16 Hill Road,1,375,"$7,673/ ft²",--,1,4,--,https://hk.centanet.com/estate/en/Yip-Cheong-Cheung-Building/2-SSBGBPSHPG,Hong Kong Island,All Hong Kong Island,Shek Tong Tsui,HMA047
Mei Sun Lau,489-499 Queen's Road West,2,266,--,--,--,3,2,https://hk.centanet.com/estate/en/Mei-Sun-Lau/2-SSGSPPBEPG,Hong Kong Island,All Hong Kong Island,Shek Tong Tsui,HMA047
Fortune Villa,61-69 Hill Road,1,74,--,--,--,3,1,https://hk.centanet.com/estate/en/Fortune-Villa/2-SSESWPAXPE,Hong Kong Island,All Hong Kong Island,Shek Tong Tsui,HMA047
Sun King House,576-584 Queen's Road West,1,100,--,--,--,3,--,https://hk.centanet.com/estate/en/Sun-King-House/2-OOUOFRJYRO,Hong Kong Island,All Hong Kong Island,Shek Tong Tsui,HMA047
Lun Fung Court,363 Des Voeux Road West,1,122,--,--,--,2,1,https://hk.centanet.com/estate/en/Lun-Fung-Court/2-TTMDIHTYHM,Hong Kong Island,All Hong Kong Island,Shek Tong Tsui,HMA047
Mei Shing Mansion,501-511 Queen's Road West,1,117,"$3,163/ ft²",64.22%,1,2,--,https://hk.centanet.com/estate/en/Mei-Shing-Mansion/2-OOJVQRVXRD,Hong Kong Island,All Hong Kong Island,Shek Tong Tsui,HMA047
Intelligent Court,28 Clarence Terrace,1,48,--,--,--,2,--,https://hk.centanet.com/estate/en/Intelligent-Court/2-OOOVFRRERU,Hong Kong Island,All Hong Kong Island,Shek Tong Tsui,HMA047
Yen Oi Garden,9-15 Po Tuck Street,1,40,--,--,--,2,--,https://hk.centanet.com/estate/en/Yen-Oi-Garden/2-SSASWPKOPE,Hong Kong Island,All Hong Kong Island,Shek Tong Tsui,HMA047
Whitty Street Court,22-44 Whitty Street,3,169,--,--,--,2,--,https://hk.centanet.com/estate/en/Whitty-Street-Court/2-SSDDBPWSPE,Hong Kong Island,All Hong Kong Island,Shek Tong Tsui,HMA047
Sik On House,54-66 Hill Road,1,79,--,--,--,2,--,https://hk.centanet.com/estate/en/Sik-On-House/2-SSEABPEAPG,Hong Kong Island,All Hong Kong Island,Shek Tong Tsui,HMA047
Goa Building,20-24 Hill Road,1,88,"$12,913/ ft²",7.45%,1,2,--,https://hk.centanet.com/estate/en/Goa-Building/2-SSEGGPSAPG,Hong Kong Island,All Hong Kong Island,Shek Tong Tsui,HMA047
Hang Lung Bank Western Branch Building,15 Hill Road,1,51,--,--,--,1,1,https://hk.centanet.com/estate/en/Hang-Lung-Bank-Western-Branch-Building/2-OODOFRQARU,Hong Kong Island,All Hong Kong Island,Shek Tong Tsui,HMA047
Wing Ga Building,33-39 Po Tuck Street,1,44,--,--,--,1,1,https://hk.centanet.com/estate/en/Wing-Ga-Building/2-SSGBWPKXPE,Hong Kong Island,All Hong Kong Island,Shek Tong Tsui,HMA047
Kam Ling Court,1-3 Woo Hop Street,2,220,--,--,--,1,1,https://hk.centanet.com/estate/en/Kam-Ling-Court/2-SSPBGPWXPG,Hong Kong Island,All Hong Kong Island,Shek Tong Tsui,HMA047
Clarence Court,8-16 Clarence Terrace,1,51,--,--,--,1,--,https://hk.centanet.com/estate/en/Clarence-Court/2-OOFUFRRXRU,Hong Kong Island,All Hong Kong Island,Shek Tong Tsui,HMA047
Bic Wah Court,464-464D Des Voeux Road West,1,63,--,--,--,1,--,https://hk.centanet.com/estate/en/Bic-Wah-Court/2-OOJCQROXRD,Hong Kong Island,All Hong Kong Island,Shek Tong Tsui,HMA047
Wing Fu Lau (Wing Foo Building),2-6 Clarence Terrace,1,20,--,--,--,--,--,https://hk.centanet.com/estate/en/Wing-Fu-Lau-Wing-Foo-Building/2-OOSOFRRHRU,Hong Kong Island,All Hong Kong Island,Shek Tong Tsui,HMA047
Pak Hoo Mansion,554-560 Queen's Road West,1,88,--,--,--,1,--,https://hk.centanet.com/estate/en/Pak-Hoo-Mansion/2-OOVRQRJXRD,Hong Kong Island,All Hong Kong Island,Shek Tong Tsui,HMA047
Kai Fung Building,102-104 Hill Road,1,25,--,--,--,--,--,https://hk.centanet.com/estate/en/Kai-Fung-Building/2-SSEGPPKEPE,Hong Kong Island,All Hong Kong Island,Shek Tong Tsui,HMA047
Siu Yee Building,590-596A Queen's Road West,1,107,--,--,--,1,--,https://hk.centanet.com/estate/en/Siu-Yee-Building/2-SSESWPDOPS,Hong Kong Island,All Hong Kong Island,Shek Tong Tsui,HMA047
Sang Cheong Building,427-437 Queen's Road West,1,66,--,--,--,1,--,https://hk.centanet.com/estate/en/Sang-Cheong-Building/2-SSEWWPBYPE,Hong Kong Island,All Hong Kong Island,Shek Tong Tsui,HMA047
Poga Building,6-20 Po Tuck Street,1,88,--,--,--,1,--,https://hk.centanet.com/estate/en/Poga-Building/2-SSPYWPKEPE,Hong Kong Island,All Hong Kong Island,Shek Tong Tsui,HMA047
Hillview Garden,72 Hill Road,2,48,--,--,--,1,--,https://hk.centanet.com/estate/en/Hillview-Garden/2-SSWSPPAAPG,Hong Kong Island,All Hong Kong Island,Shek Tong Tsui,HMA047
Good Luck Mansion,101 Hill Road,1,9,--,--,--,--,--,https://hk.centanet.com/estate/en/Good-Luck-Mansion/2-SSWYWPAXPE,Hong Kong Island,All Hong Kong Island,Shek Tong Tsui,HMA047
Joy Fat Mansion (House),522-530 Queen's Road West,1,119,--,--,--,1,--,https://hk.centanet.com/estate/en/Joy-Fat-Mansion-House/2-TTHMIHXRHX,Hong Kong Island,All Hong Kong Island,Shek Tong Tsui,HMA047
Nam Wah Mansion,5-9 South Lane,1,52,--,--,--,1,--,https://hk.centanet.com/estate/en/Nam-Wah-Mansion/2-TTMDTHSOHX,Hong Kong Island,All Hong Kong Island,Shek Tong Tsui,HMA047
Wo Fat Building,533-543 Queen's Road West,1,120,--,--,--,1,--,https://hk.centanet.com/estate/en/Wo-Fat-Building/2-TTSDZHXAHX,Hong Kong Island,All Hong Kong Island,Shek Tong Tsui,HMA047
On Lok Mansion,586-588 Queen's Road West,1,48,--,--,--,--,1,https://hk.centanet.com/estate/en/On-Lok-Mansion/2-OOCDFRJJRO,Hong Kong Island,All Hong Kong Island,Shek Tong Tsui,HMA047
Po Tak Building,540-546 Queen's Road West,1,53,--,--,--,--,1,https://hk.centanet.com/estate/en/Po-Tak-Building/2-SSESPPDRPG,Hong Kong Island,All Hong Kong Island,Shek Tong Tsui,HMA047
Cheong Wan Mansion,55-59 Hill Road,1,46,--,--,--,--,--,https://hk.centanet.com/estate/en/Cheong-Wan-Mansion/2-OOCFFRQRRU,Hong Kong Island,All Hong Kong Island,Shek Tong Tsui,HMA047
Wing Wah Mansion,425G-425Z Queen's Road West,8,446,"$6,387/ ft²",17.05%,1,--,--,https://hk.centanet.com/estate/en/Wing-Wah-Mansion/2-OOCVFRVORU,Hong Kong Island,All Hong Kong Island,Shek Tong Tsui,HMA047
Lok Po House,51 Hill Road,1,15,--,--,--,--,--,https://hk.centanet.com/estate/en/Lok-Po-House/2-OODJFRQXRU,Hong Kong Island,All Hong Kong Island,Shek Tong Tsui,HMA047
Fu Yin Court,39 Hill Road,1,22,--,--,--,--,--,https://hk.centanet.com/estate/en/Fu-Yin-Court/2-OOFDFRQHRU,Hong Kong Island,All Hong Kong Island,Shek Tong Tsui,HMA047
Fu Ga Building,7-13 Yat Fu Lane,1,107,"$12,136/ ft²",1.56%,1,--,--,https://hk.centanet.com/estate/en/Fu-Ga-Building/2-OOFRFRCXRD,Hong Kong Island,All Hong Kong Island,Shek Tong Tsui,HMA047
1-7 Po Tuck Street,1-7 Po Tuck Street,1,34,--,--,--,--,--,https://hk.centanet.com/estate/en/1-7-Po-Tuck-Street/2-OORFFRSVRU,Hong Kong Island,All Hong Kong Island,Shek Tong Tsui,HMA047
Des Voeux Road West Building,406-408D Des Voeux Road West,1,273,--,--,--,--,--,https://hk.centanet.com/estate/en/Des-Voeux-Road-West-Building/2-OORQQRUVRU,Hong Kong Island,All Hong Kong Island,Shek Tong Tsui,HMA047
Nice Garden,513 Queen's Road West,1,84,--,--,--,--,--,https://hk.centanet.com/estate/en/Nice-Garden/2-OORRFRVXRD,Hong Kong Island,All Hong Kong Island,Shek Tong Tsui,HMA047
Graceful Court,27-37 Hill Road,1,48,--,--,--,--,--,https://hk.centanet.com/estate/en/Graceful-Court/2-OOSVFRQVRU,Hong Kong Island,All Hong Kong Island,Shek Tong Tsui,HMA047
93-99 Hill Road,93-99 Hill Road,1,10,--,--,--,--,--,https://hk.centanet.com/estate/en/93-99-Hill-Road/2-SSBYWPAYPE,Hong Kong Island,All Hong Kong Island,Shek Tong Tsui,HMA047
Hill Road Court,79-85 Hill Road,1,30,--,--,--,--,--,https://hk.centanet.com/estate/en/Hill-Road-Court/2-SSDBWPARPE,Hong Kong Island,All Hong Kong Island,Shek Tong Tsui,HMA047
Kam Ling Court,10-20 Whitty Street,1,72,--,--,--,--,--,https://hk.centanet.com/estate/en/Kam-Ling-Court/2-SSDKBPWJPE,Hong Kong Island,All Hong Kong Island,Shek Tong Tsui,HMA047
Cheung Po Building,29-31 Po Tuck Street,1,10,--,--,--,--,--,https://hk.centanet.com/estate/en/Cheung-Po-Building/2-SSDKWPKXPE,Hong Kong Island,All Hong Kong Island,Shek Tong Tsui,HMA047
Tuck Ga Building,22-28 Po Tuck Street,1,38,--,--,--,--,--,https://hk.centanet.com/estate/en/Tuck-Ga-Building/2-SSEAPPBOPE,Hong Kong Island,All Hong Kong Island,Shek Tong Tsui,HMA047
602 Queen's Road West,602 Queen's Road West,1,6,--,--,--,--,--,https://hk.centanet.com/estate/en/602-Queen-s-Road-West/2-SSEDWPDJPS,Hong Kong Island,All Hong Kong Island,Shek Tong Tsui,HMA047
604 Queen's Road West,604 Queen's Road West,1,6,--,--,--,--,--,https://hk.centanet.com/estate/en/604-Queen-s-Road-West/2-SSEYWPDYPS,Hong Kong Island,All Hong Kong Island,Shek Tong Tsui,HMA047
21-27 Po Tuck Street,21-27 Po Tuck Street,1,20,--,--,--,--,--,https://hk.centanet.com/estate/en/21-27-Po-Tuck-Street/2-SSGEWPKRPE,Hong Kong Island,All Hong Kong Island,Shek Tong Tsui,HMA047
17-19 Po Tuck Street,17-19 Po Tuck Street,1,10,--,--,--,--,--,https://hk.centanet.com/estate/en/17-19-Po-Tuck-Street/2-SSGSWPKAPE,Hong Kong Island,All Hong Kong Island,Shek Tong Tsui,HMA047
Yhill,71-77 Hill Road,1,75,--,--,--,--,--,https://hk.centanet.com/estate/en/Yhill/2-SSKAWPARPE,Hong Kong Island,All Hong Kong Island,Shek Tong Tsui,HMA047
Luen Wah Mansion,518-520 Queen's Road West,1,55,--,--,--,--,--,https://hk.centanet.com/estate/en/Luen-Wah-Mansion/2-SSKDBPGAPG,Hong Kong Island,All Hong Kong Island,Shek Tong Tsui,HMA047
Hon Bong Building,598-600 Queen's Road West,1,10,"$9,967/ ft²",23.02%,1,--,--,https://hk.centanet.com/estate/en/Hon-Bong-Building/2-SSPBWPDEPS,Hong Kong Island,All Hong Kong Island,Shek Tong Tsui,HMA047
Fuk Hing Lau,87 Hill Road,1,5,--,--,--,--,--,https://hk.centanet.com/estate/en/Fuk-Hing-Lau/2-SSPDWPAHPE,Hong Kong Island,All Hong Kong Island,Shek Tong Tsui,HMA047
23 South Lane,23 South Lane,1,10,--,--,--,--,--,https://hk.centanet.com/estate/en/23-South-Lane/2-SSSDBPYJPG,Hong Kong Island,All Hong Kong Island,Shek Tong Tsui,HMA047
Wing Hing House,476-482 Queen's Road West,1,81,"$10,766/ ft²",--,1,--,--,https://hk.centanet.com/estate/en/Wing-Hing-House/2-SSSYGPGXPE,Hong Kong Island,All Hong Kong Island,Shek Tong Tsui,HMA047
Shun Sing Mansion,1 Cheung Kan Lane,1,91,--,--,--,--,--,https://hk.centanet.com/estate/en/Shun-Sing-Mansion/2-SSWBPPPVPG,Hong Kong Island,All Hong Kong Island,Shek Tong Tsui,HMA047
25 South Lane,25 South Lane,1,10,--,--,--,--,--,https://hk.centanet.com/estate/en/25-South-Lane/2-SSWSGPYOPG,Hong Kong Island,All Hong Kong Island,Shek Tong Tsui,HMA047
89-91 Hill Road,89-91 Hill Road,1,10,--,--,--,--,--,https://hk.centanet.com/estate/en/89-91-Hill-Road/2-SSYDWPAXPE,Hong Kong Island,All Hong Kong Island,Shek Tong Tsui,HMA047
Jadeview Court,38 Hill Road,1,152,"$14,769/ ft²",--,1,--,--,https://hk.centanet.com/estate/en/Jadeview-Court/2-TTDXTHMXHX,Hong Kong Island,All Hong Kong Island,Shek Tong Tsui,HMA047
Sun On Building,484-496 Queen's Road West,1,195,"$8,543/ ft²",1.43%,1,--,--,https://hk.centanet.com/estate/en/Sun-On-Building/2-TTMZIHXJHM,Hong Kong Island,All Hong Kong Island,Shek Tong Tsui,HMA047
19-21 South Lane,19-21 South Lane,1,15,--,--,--,--,--,https://hk.centanet.com/estate/en/19-21-South-Lane/2-TTNMZHSEHX,Hong Kong Island,All Hong Kong Island,Shek Tong Tsui,HMA047
Nam Cheong Building,48-52 Hill Road,1,92,--,--,--,--,--,https://hk.centanet.com/estate/en/Nam-Cheong-Building/2-TTNTZHMAHX,Hong Kong Island,All Hong Kong Island,Shek Tong Tsui,HMA047
Ko Leung Mansion,572-574 Queen's Road West,1,28,--,--,--,--,--,https://hk.centanet.com/estate/en/Ko-Leung-Mansion/2-TTXXIHIJHT,Hong Kong Island,All Hong Kong Island,Shek Tong Tsui,HMA047
Hau Fook Building,562-570 Queen's Road West,1,92,--,--,--,--,--,https://hk.centanet.com/estate/en/Hau-Fook-Building/2-TTZNIHIRHT,Hong Kong Island,All Hong Kong Island,Shek Tong Tsui,HMA047
